<?xml version="1.0" encoding="utf-8"?>
<manifest xmlns:android="http://schemas.android.com/apk/res/android" package="com.dsy.dsu">

    <application android:allowBackup="true" android:icon="@mipmap/ic_launcher"
        android:label="@string/name_dsu" android:roundIcon="@mipmap/ic_launcher_round"
        android:supportsRtl="true" android:theme="@style/AppTheme">
        <activity android:name=".Main2Activity_Pati"
            android:label="@string/title_activity_main2__pati"
            android:parentActivityName=".MainActivity" android:theme="@style/AppTheme.NoActionBar">
            <meta-data android:name="android.support.PARENT_ACTIVITY"
                android:value="com.dsy.dsu.For_Code_Settings_DSU1.MainActivity_Face_App" />
        </activity>
        <activity android:name=".Main2ActivityFour"
            android:label="@string/title_activity_main2_four"
            android:parentActivityName=".MainActivity" android:theme="@style/AppTheme.NoActionBar">
            <meta-data android:name="android.support.PARENT_ACTIVITY"
                android:value="com.dsy.dsu.For_Code_Settings_DSU1.MainActivity_Face_App" />
        </activity>
        <activity android:name=".Main2ActivityTree"
            android:label="@string/title_activity_main2_tree"
            android:parentActivityName=".MainActivity" android:theme="@style/AppTheme.NoActionBar">
            <meta-data android:name="android.support.PARENT_ACTIVITY"
                android:value="com.dsy.dsu.For_Code_Settings_DSU1.MainActivity_Face_App" />
        </activity>
        <activity android:name=".Main2ActivityTwo" android:label="@string/title_activity_main2_two"
            android:parentActivityName=".MainActivity" android:theme="@style/AppTheme.NoActionBar">
            <meta-data android:name="android.support.PARENT_ACTIVITY"
                android:value="com.dsy.dsu.For_Code_Settings_DSU1.MainActivity_Face_App" />
        </activity> <!-- главное активити -->
        <activity android:name=".MainActivity">
            <intent-filter>
                <action android:name="android.intent.action.MAIN" />

                <category android:name="android.intent.category.LAUNCHER" />
            </intent-filter>
        </activity>
    </application>

</manifest>